timestamp,model,graph,features,graph_features,runs,target,mae_mean,mae_std,mae_stderr,r2_mean,r2_std,status,error
2026-01-12T12:04:20.032179,xgboost,euro28,basic,yes,20,highestSlot,8.151,0.924,0.207,0.144,0.157,success,
2026-01-12T12:04:20.032258,xgboost,euro28,basic,yes,20,avgHighestSlot,3.341,0.477,0.107,0.454,0.135,success,
2026-01-12T12:04:20.032293,xgboost,euro28,basic,yes,20,sumOfSlots,96.822,20.332,4.546,0.704,0.09,success,
2026-01-12T12:04:20.032328,xgboost,euro28,basic,yes,20,avgActiveTransceivers,3.15,0.499,0.112,0.552,0.121,success,
2026-01-12T12:04:37.471945,xgboost,euro28,basic,no,20,highestSlot,10.538,1.65,0.369,-0.475,0.386,success,
2026-01-12T12:04:37.472015,xgboost,euro28,basic,no,20,avgHighestSlot,5.054,0.641,0.143,-0.275,0.357,success,
2026-01-12T12:04:37.472045,xgboost,euro28,basic,no,20,sumOfSlots,179.326,21.037,4.704,-0.023,0.249,success,
2026-01-12T12:04:37.472073,xgboost,euro28,basic,no,20,avgActiveTransceivers,3.104,0.56,0.125,0.586,0.143,success,
2026-01-12T12:05:11.547339,xgboost,euro28,topology,yes,20,highestSlot,8.482,0.629,0.141,0.029,0.188,success,
2026-01-12T12:05:11.547457,xgboost,euro28,topology,yes,20,avgHighestSlot,3.807,0.496,0.111,0.304,0.142,success,
2026-01-12T12:05:11.547489,xgboost,euro28,topology,yes,20,sumOfSlots,143.369,24.399,5.456,0.353,0.154,success,
2026-01-12T12:05:11.547518,xgboost,euro28,topology,yes,20,avgActiveTransceivers,5.302,0.977,0.219,-0.257,0.354,success,
2026-01-12T12:05:30.601795,xgboost,euro28,topology,no,20,highestSlot,10.113,0.887,0.198,-0.371,0.322,success,
2026-01-12T12:05:30.601863,xgboost,euro28,topology,no,20,avgHighestSlot,5.07,0.831,0.186,-0.241,0.29,success,
2026-01-12T12:05:30.601893,xgboost,euro28,topology,no,20,sumOfSlots,197.834,36.055,8.062,-0.271,0.296,success,
2026-01-12T12:05:30.601921,xgboost,euro28,topology,no,20,avgActiveTransceivers,5.818,1.108,0.248,-0.542,0.637,success,
2026-01-12T12:06:03.323717,xgboost,euro28,distribution,yes,20,highestSlot,7.967,0.732,0.164,0.149,0.151,success,
2026-01-12T12:06:03.323804,xgboost,euro28,distribution,yes,20,avgHighestSlot,3.347,0.394,0.088,0.473,0.102,success,
2026-01-12T12:06:03.323846,xgboost,euro28,distribution,yes,20,sumOfSlots,104.878,15.6,3.488,0.663,0.082,success,
2026-01-12T12:06:03.323884,xgboost,euro28,distribution,yes,20,avgActiveTransceivers,2.965,0.528,0.118,0.601,0.136,success,
2026-01-12T12:06:23.472493,xgboost,euro28,distribution,no,20,highestSlot,9.569,1.187,0.265,-0.268,0.296,success,
2026-01-12T12:06:23.472577,xgboost,euro28,distribution,no,20,avgHighestSlot,4.64,0.599,0.134,-0.056,0.251,success,
2026-01-12T12:06:23.472607,xgboost,euro28,distribution,no,20,sumOfSlots,174.616,24.361,5.447,0.066,0.277,success,
2026-01-12T12:06:23.472634,xgboost,euro28,distribution,no,20,avgActiveTransceivers,3.011,0.409,0.091,0.561,0.168,success,
2026-01-12T12:06:45.936827,xgboost,euro28,traffic,yes,20,highestSlot,8.393,0.834,0.187,0.08,0.172,success,
2026-01-12T12:06:45.936895,xgboost,euro28,traffic,yes,20,avgHighestSlot,3.694,0.471,0.105,0.336,0.143,success,
2026-01-12T12:06:45.936926,xgboost,euro28,traffic,yes,20,sumOfSlots,130.733,25.298,5.657,0.472,0.138,success,
2026-01-12T12:06:45.936954,xgboost,euro28,traffic,yes,20,avgActiveTransceivers,3.964,0.594,0.133,0.235,0.403,success,
2026-01-12T12:07:07.141630,xgboost,euro28,traffic,no,20,highestSlot,9.687,1.118,0.25,-0.202,0.228,success,
2026-01-12T12:07:07.141699,xgboost,euro28,traffic,no,20,avgHighestSlot,4.924,0.56,0.125,-0.123,0.168,success,
2026-01-12T12:07:07.141731,xgboost,euro28,traffic,no,20,sumOfSlots,183.272,27.698,6.194,-0.053,0.332,success,
2026-01-12T12:07:07.141759,xgboost,euro28,traffic,no,20,avgActiveTransceivers,3.725,0.69,0.154,0.308,0.463,success,
2026-01-12T12:07:40.612534,xgboost,euro28,all,yes,20,highestSlot,8.006,0.817,0.183,0.162,0.163,success,
2026-01-12T12:07:40.612601,xgboost,euro28,all,yes,20,avgHighestSlot,3.351,0.486,0.109,0.464,0.131,success,
2026-01-12T12:07:40.612634,xgboost,euro28,all,yes,20,sumOfSlots,98.824,17.098,3.823,0.69,0.078,success,
2026-01-12T12:07:40.612672,xgboost,euro28,all,yes,20,avgActiveTransceivers,2.782,0.512,0.115,0.65,0.135,success,
2026-01-12T12:08:07.255887,xgboost,euro28,all,no,20,highestSlot,9.466,0.99,0.221,-0.191,0.289,success,
2026-01-12T12:08:07.255955,xgboost,euro28,all,no,20,avgHighestSlot,4.777,0.606,0.136,-0.087,0.233,success,
2026-01-12T12:08:07.255985,xgboost,euro28,all,no,20,sumOfSlots,178.065,27.821,6.221,0.052,0.288,success,
2026-01-12T12:08:07.256013,xgboost,euro28,all,no,20,avgActiveTransceivers,2.88,0.48,0.107,0.619,0.17,success,
2026-01-12T12:08:33.360279,xgboost,us26,basic,yes,20,highestSlot,19.589,2.264,0.506,-0.056,0.328,success,
2026-01-12T12:08:33.360388,xgboost,us26,basic,yes,20,avgHighestSlot,4.335,0.687,0.154,0.505,0.124,success,
2026-01-12T12:08:33.360433,xgboost,us26,basic,yes,20,sumOfSlots,72.082,11.732,2.623,0.813,0.063,success,
2026-01-12T12:08:33.360467,xgboost,us26,basic,yes,20,avgActiveTransceivers,3.571,0.535,0.12,0.517,0.165,success,
2026-01-12T12:08:48.102304,xgboost,us26,basic,no,20,highestSlot,21.785,3.42,0.765,-0.358,0.32,success,
2026-01-12T12:08:48.102408,xgboost,us26,basic,no,20,avgHighestSlot,6.464,1.111,0.249,-0.239,0.273,success,
2026-01-12T12:08:48.102439,xgboost,us26,basic,no,20,sumOfSlots,166.191,26.86,6.006,-0.021,0.227,success,
2026-01-12T12:08:48.102467,xgboost,us26,basic,no,20,avgActiveTransceivers,3.482,0.556,0.124,0.529,0.18,success,
2026-01-12T12:09:11.396765,xgboost,us26,topology,yes,20,highestSlot,19.944,2.696,0.603,-0.075,0.355,success,
2026-01-12T12:09:11.396853,xgboost,us26,topology,yes,20,avgHighestSlot,4.397,0.579,0.13,0.487,0.096,success,
2026-01-12T12:09:11.396895,xgboost,us26,topology,yes,20,sumOfSlots,100.405,14.769,3.302,0.595,0.184,success,
2026-01-12T12:09:11.396934,xgboost,us26,topology,yes,20,avgActiveTransceivers,5.488,0.744,0.166,-0.23,0.201,success,
2026-01-12T12:09:27.278275,xgboost,us26,topology,no,20,highestSlot,22.978,3.369,0.753,-0.413,0.421,success,
2026-01-12T12:09:27.278342,xgboost,us26,topology,no,20,avgHighestSlot,6.104,1.116,0.25,-0.175,0.312,success,
2026-01-12T12:09:27.278410,xgboost,us26,topology,no,20,sumOfSlots,163.563,16.476,3.684,-0.011,0.201,success,
2026-01-12T12:09:27.278439,xgboost,us26,topology,no,20,avgActiveTransceivers,6.319,0.645,0.144,-0.51,0.294,success,
2026-01-12T12:10:06.640875,xgboost,us26,distribution,yes,20,highestSlot,19.61,2.158,0.483,-0.114,0.325,success,
2026-01-12T12:10:06.640942,xgboost,us26,distribution,yes,20,avgHighestSlot,4.429,0.693,0.155,0.505,0.086,success,
2026-01-12T12:10:06.640972,xgboost,us26,distribution,yes,20,sumOfSlots,66.741,12.527,2.801,0.84,0.055,success,
2026-01-12T12:10:06.641000,xgboost,us26,distribution,yes,20,avgActiveTransceivers,3.162,0.447,0.1,0.624,0.157,success,
2026-01-12T12:10:25.822081,xgboost,us26,distribution,no,20,highestSlot,23.293,3.811,0.852,-0.608,0.622,success,
2026-01-12T12:10:25.822150,xgboost,us26,distribution,no,20,avgHighestSlot,6.351,1.114,0.249,-0.212,0.237,success,
2026-01-12T12:10:25.822180,xgboost,us26,distribution,no,20,sumOfSlots,169.033,30.084,6.727,-0.057,0.277,success,
2026-01-12T12:10:25.822212,xgboost,us26,distribution,no,20,avgActiveTransceivers,3.224,0.46,0.103,0.601,0.192,success,
2026-01-12T12:10:46.479510,xgboost,us26,traffic,yes,20,highestSlot,19.929,1.952,0.436,-0.085,0.291,success,
2026-01-12T12:10:46.479596,xgboost,us26,traffic,yes,20,avgHighestSlot,4.103,0.635,0.142,0.556,0.085,success,
2026-01-12T12:10:46.479626,xgboost,us26,traffic,yes,20,sumOfSlots,90.413,12.969,2.9,0.714,0.094,success,
2026-01-12T12:10:46.479653,xgboost,us26,traffic,yes,20,avgActiveTransceivers,4.309,0.708,0.158,0.298,0.158,success,
2026-01-12T12:11:00.829971,xgboost,us26,traffic,no,20,highestSlot,21.596,3.053,0.683,-0.383,0.416,success,
2026-01-12T12:11:00.830052,xgboost,us26,traffic,no,20,avgHighestSlot,6.033,0.888,0.199,-0.057,0.146,success,
2026-01-12T12:11:00.830092,xgboost,us26,traffic,no,20,sumOfSlots,179.116,22.879,5.116,-0.156,0.234,success,
2026-01-12T12:11:00.830131,xgboost,us26,traffic,no,20,avgActiveTransceivers,4.101,0.756,0.169,0.337,0.249,success,
2026-01-12T12:11:27.389652,xgboost,us26,all,yes,20,highestSlot,19.47,2.134,0.477,-0.075,0.296,success,
2026-01-12T12:11:27.389731,xgboost,us26,all,yes,20,avgHighestSlot,4.313,0.644,0.144,0.515,0.101,success,
2026-01-12T12:11:27.389766,xgboost,us26,all,yes,20,sumOfSlots,65.739,11.375,2.543,0.839,0.052,success,
2026-01-12T12:11:27.389798,xgboost,us26,all,yes,20,avgActiveTransceivers,2.712,0.344,0.077,0.73,0.093,success,
2026-01-12T12:11:47.931630,xgboost,us26,all,no,20,highestSlot,21.087,3.154,0.705,-0.386,0.581,success,
2026-01-12T12:11:47.931698,xgboost,us26,all,no,20,avgHighestSlot,5.932,1.032,0.231,-0.028,0.187,success,
2026-01-12T12:11:47.931728,xgboost,us26,all,no,20,sumOfSlots,164.42,24.553,5.49,-0.02,0.172,success,
2026-01-12T12:11:47.931755,xgboost,us26,all,no,20,avgActiveTransceivers,2.648,0.398,0.089,0.737,0.114,success,
2026-01-12T12:12:23.820421,xgboost,both,basic,yes,20,highestSlot,14.338,2.337,0.522,0.651,0.096,success,
2026-01-12T12:12:23.820492,xgboost,both,basic,yes,20,avgHighestSlot,3.578,0.447,0.1,0.532,0.116,success,
2026-01-12T12:12:23.820521,xgboost,both,basic,yes,20,sumOfSlots,82.638,10.509,2.35,0.893,0.027,success,
2026-01-12T12:12:23.820549,xgboost,both,basic,yes,20,avgActiveTransceivers,3.196,0.308,0.069,0.594,0.102,success,
2026-01-12T12:12:40.795028,xgboost,both,basic,no,20,highestSlot,31.951,2.887,0.646,-0.417,0.183,success,
2026-01-12T12:12:40.795116,xgboost,both,basic,no,20,avgHighestSlot,5.673,0.663,0.148,-0.255,0.196,success,
2026-01-12T12:12:40.795155,xgboost,both,basic,no,20,sumOfSlots,326.717,34.546,7.725,-0.42,0.292,success,
2026-01-12T12:12:40.795193,xgboost,both,basic,no,20,avgActiveTransceivers,3.268,0.336,0.075,0.566,0.133,success,
2026-01-12T12:13:09.600820,xgboost,both,topology,yes,20,highestSlot,14.347,2.301,0.515,0.653,0.09,success,
2026-01-12T12:13:09.600923,xgboost,both,topology,yes,20,avgHighestSlot,3.92,0.323,0.072,0.445,0.107,success,
2026-01-12T12:13:09.600960,xgboost,both,topology,yes,20,sumOfSlots,114.832,14.373,3.214,0.8,0.036,success,
2026-01-12T12:13:09.600994,xgboost,both,topology,yes,20,avgActiveTransceivers,5.376,0.627,0.14,-0.201,0.18,success,
2026-01-12T12:13:24.362742,xgboost,both,topology,no,20,highestSlot,17.36,2.717,0.608,0.495,0.143,success,
2026-01-12T12:13:24.362812,xgboost,both,topology,no,20,avgHighestSlot,5.54,0.502,0.112,-0.245,0.257,success,
2026-01-12T12:13:24.362823,xgboost,both,topology,no,20,sumOfSlots,212.984,17.383,3.887,0.311,0.13,success,
2026-01-12T12:13:24.362833,xgboost,both,topology,no,20,avgActiveTransceivers,5.797,0.651,0.146,-0.332,0.319,success,
2026-01-12T12:13:53.646608,xgboost,both,distribution,yes,20,highestSlot,14.032,2.269,0.507,0.665,0.082,success,
2026-01-12T12:13:53.646694,xgboost,both,distribution,yes,20,avgHighestSlot,3.489,0.424,0.095,0.55,0.098,success,
2026-01-12T12:13:53.646739,xgboost,both,distribution,yes,20,sumOfSlots,83.12,10.576,2.365,0.894,0.023,success,
2026-01-12T12:13:53.646779,xgboost,both,distribution,yes,20,avgActiveTransceivers,3.036,0.28,0.063,0.624,0.093,success,
2026-01-12T12:14:11.051181,xgboost,both,distribution,no,20,highestSlot,32.763,2.812,0.629,-0.56,0.156,success,
2026-01-12T12:14:11.051247,xgboost,both,distribution,no,20,avgHighestSlot,5.47,0.603,0.135,-0.133,0.158,success,
2026-01-12T12:14:11.051281,xgboost,both,distribution,no,20,sumOfSlots,311.266,34.51,7.717,-0.247,0.219,success,
2026-01-12T12:14:11.051308,xgboost,both,distribution,no,20,avgActiveTransceivers,3.127,0.273,0.061,0.614,0.104,success,
2026-01-12T12:14:40.461623,xgboost,both,traffic,yes,20,highestSlot,14.395,2.182,0.488,0.658,0.09,success,
2026-01-12T12:14:40.461692,xgboost,both,traffic,yes,20,avgHighestSlot,3.652,0.397,0.089,0.521,0.1,success,
2026-01-12T12:14:40.461722,xgboost,both,traffic,yes,20,sumOfSlots,108.83,8.493,1.899,0.824,0.032,success,
2026-01-12T12:14:40.461749,xgboost,both,traffic,yes,20,avgActiveTransceivers,3.841,0.39,0.087,0.394,0.101,success,
2026-01-12T12:14:58.040688,xgboost,both,traffic,no,20,highestSlot,20.042,2.687,0.601,0.378,0.13,success,
2026-01-12T12:14:58.040756,xgboost,both,traffic,no,20,avgHighestSlot,4.983,0.501,0.112,0.046,0.13,success,
2026-01-12T12:14:58.040787,xgboost,both,traffic,no,20,sumOfSlots,228.652,19.41,4.34,0.259,0.133,success,
2026-01-12T12:14:58.040814,xgboost,both,traffic,no,20,avgActiveTransceivers,3.653,0.442,0.099,0.45,0.135,success,
2026-01-12T12:15:38.212912,xgboost,both,all,yes,20,highestSlot,14.199,2.363,0.528,0.666,0.092,success,
2026-01-12T12:15:38.212977,xgboost,both,all,yes,20,avgHighestSlot,3.463,0.426,0.095,0.563,0.091,success,
2026-01-12T12:15:38.213011,xgboost,both,all,yes,20,sumOfSlots,82.174,10.139,2.267,0.894,0.026,success,
2026-01-12T12:15:38.213044,xgboost,both,all,yes,20,avgActiveTransceivers,2.654,0.303,0.068,0.71,0.086,success,
2026-01-12T12:16:07.036490,xgboost,both,all,no,20,highestSlot,17.216,2.696,0.603,0.477,0.143,success,
2026-01-12T12:16:07.036563,xgboost,both,all,no,20,avgHighestSlot,4.954,0.551,0.123,0.08,0.114,success,
2026-01-12T12:16:07.036594,xgboost,both,all,no,20,sumOfSlots,187.75,23.396,5.231,0.49,0.11,success,
2026-01-12T12:16:07.036622,xgboost,both,all,no,20,avgActiveTransceivers,2.672,0.247,0.055,0.707,0.081,success,
2026-01-12T12:16:12.366262,lightgbm,euro28,basic,yes,20,highestSlot,8.545,0.907,0.203,0.013,0.217,success,
2026-01-12T12:16:12.366296,lightgbm,euro28,basic,yes,20,avgHighestSlot,3.731,0.528,0.118,0.359,0.192,success,
2026-01-12T12:16:12.366307,lightgbm,euro28,basic,yes,20,sumOfSlots,112.069,21.267,4.755,0.604,0.147,success,
2026-01-12T12:16:12.366317,lightgbm,euro28,basic,yes,20,avgActiveTransceivers,3.676,0.506,0.113,0.374,0.302,success,
2026-01-12T12:16:15.652551,lightgbm,euro28,basic,no,20,highestSlot,9.299,1.395,0.312,-0.15,0.288,success,
2026-01-12T12:16:15.652586,lightgbm,euro28,basic,no,20,avgHighestSlot,4.716,0.686,0.153,-0.124,0.29,success,
2026-01-12T12:16:15.652596,lightgbm,euro28,basic,no,20,sumOfSlots,171.698,27.196,6.081,0.052,0.241,success,
2026-01-12T12:16:15.652606,lightgbm,euro28,basic,no,20,avgActiveTransceivers,3.288,0.531,0.119,0.536,0.164,success,
2026-01-12T12:16:21.097288,lightgbm,euro28,topology,yes,20,highestSlot,9.049,0.805,0.18,-0.138,0.279,success,
2026-01-12T12:16:21.097324,lightgbm,euro28,topology,yes,20,avgHighestSlot,4.266,0.532,0.119,0.17,0.154,success,
2026-01-12T12:16:21.097335,lightgbm,euro28,topology,yes,20,sumOfSlots,156.496,22.993,5.141,0.241,0.181,success,
2026-01-12T12:16:21.097345,lightgbm,euro28,topology,yes,20,avgActiveTransceivers,6.0,0.74,0.165,-0.639,0.76,success,
2026-01-12T12:16:24.592073,lightgbm,euro28,topology,no,20,highestSlot,9.832,1.075,0.24,-0.267,0.269,success,
2026-01-12T12:16:24.592108,lightgbm,euro28,topology,no,20,avgHighestSlot,5.25,0.673,0.15,-0.28,0.29,success,
2026-01-12T12:16:24.592118,lightgbm,euro28,topology,no,20,sumOfSlots,208.355,31.497,7.043,-0.296,0.281,success,
2026-01-12T12:16:24.592128,lightgbm,euro28,topology,no,20,avgActiveTransceivers,5.666,1.031,0.23,-0.533,0.772,success,
2026-01-12T12:16:30.102306,lightgbm,euro28,distribution,yes,20,highestSlot,8.948,1.095,0.245,-0.05,0.229,success,
2026-01-12T12:16:30.102340,lightgbm,euro28,distribution,yes,20,avgHighestSlot,3.626,0.433,0.097,0.374,0.115,success,
2026-01-12T12:16:30.102350,lightgbm,euro28,distribution,yes,20,sumOfSlots,115.882,19.873,4.444,0.586,0.141,success,
2026-01-12T12:16:30.102392,lightgbm,euro28,distribution,yes,20,avgActiveTransceivers,3.692,0.64,0.143,0.338,0.461,success,
2026-01-12T12:16:33.583762,lightgbm,euro28,distribution,no,20,highestSlot,10.121,1.121,0.251,-0.266,0.265,success,
2026-01-12T12:16:33.583798,lightgbm,euro28,distribution,no,20,avgHighestSlot,4.848,0.623,0.139,-0.136,0.28,success,
2026-01-12T12:16:33.583808,lightgbm,euro28,distribution,no,20,sumOfSlots,190.392,27.212,6.085,-0.132,0.329,success,
2026-01-12T12:16:33.583818,lightgbm,euro28,distribution,no,20,avgActiveTransceivers,3.661,0.583,0.13,0.349,0.474,success,
2026-01-12T12:16:39.095668,lightgbm,euro28,traffic,yes,20,highestSlot,8.769,1.145,0.256,-0.035,0.275,success,
2026-01-12T12:16:39.095707,lightgbm,euro28,traffic,yes,20,avgHighestSlot,3.787,0.538,0.12,0.309,0.172,success,
2026-01-12T12:16:39.095718,lightgbm,euro28,traffic,yes,20,sumOfSlots,136.666,25.38,5.675,0.411,0.212,success,
2026-01-12T12:16:39.095727,lightgbm,euro28,traffic,yes,20,avgActiveTransceivers,4.171,0.854,0.191,0.16,0.53,success,
2026-01-12T12:16:42.533539,lightgbm,euro28,traffic,no,20,highestSlot,9.616,1.097,0.245,-0.175,0.233,success,
2026-01-12T12:16:42.533571,lightgbm,euro28,traffic,no,20,avgHighestSlot,4.828,0.608,0.136,-0.104,0.243,success,
2026-01-12T12:16:42.533583,lightgbm,euro28,traffic,no,20,sumOfSlots,175.569,36.46,8.153,0.024,0.251,success,
2026-01-12T12:16:42.533593,lightgbm,euro28,traffic,no,20,avgActiveTransceivers,4.026,0.591,0.132,0.223,0.317,success,
2026-01-12T12:16:48.730882,lightgbm,euro28,all,yes,20,highestSlot,8.78,1.004,0.225,0.026,0.233,success,
2026-01-12T12:16:48.730951,lightgbm,euro28,all,yes,20,avgHighestSlot,3.351,0.54,0.121,0.464,0.153,success,
2026-01-12T12:16:48.730981,lightgbm,euro28,all,yes,20,sumOfSlots,111.501,18.929,4.233,0.619,0.143,success,
2026-01-12T12:16:48.731008,lightgbm,euro28,all,yes,20,avgActiveTransceivers,3.221,0.586,0.131,0.494,0.279,success,
2026-01-12T12:16:52.884547,lightgbm,euro28,all,no,20,highestSlot,10.494,1.407,0.315,-0.387,0.404,success,
2026-01-12T12:16:52.884621,lightgbm,euro28,all,no,20,avgHighestSlot,4.938,0.608,0.136,-0.135,0.228,success,
2026-01-12T12:16:52.884631,lightgbm,euro28,all,no,20,sumOfSlots,189.083,30.063,6.722,-0.097,0.228,success,
2026-01-12T12:16:52.884641,lightgbm,euro28,all,no,20,avgActiveTransceivers,2.938,0.526,0.118,0.58,0.209,success,
2026-01-12T12:16:58.255018,lightgbm,us26,basic,yes,20,highestSlot,19.966,3.07,0.686,-0.088,0.331,success,
2026-01-12T12:16:58.255055,lightgbm,us26,basic,yes,20,avgHighestSlot,4.633,0.771,0.172,0.401,0.198,success,
2026-01-12T12:16:58.255065,lightgbm,us26,basic,yes,20,sumOfSlots,86.168,13.07,2.922,0.712,0.092,success,
2026-01-12T12:16:58.255075,lightgbm,us26,basic,yes,20,avgActiveTransceivers,3.767,0.532,0.119,0.468,0.201,success,
2026-01-12T12:17:01.471319,lightgbm,us26,basic,no,20,highestSlot,19.936,2.726,0.61,-0.199,0.309,success,
2026-01-12T12:17:01.471351,lightgbm,us26,basic,no,20,avgHighestSlot,5.984,1.03,0.23,-0.105,0.234,success,
2026-01-12T12:17:01.471374,lightgbm,us26,basic,no,20,sumOfSlots,167.228,25.822,5.774,-0.004,0.196,success,
2026-01-12T12:17:01.471385,lightgbm,us26,basic,no,20,avgActiveTransceivers,3.64,0.517,0.116,0.499,0.222,success,
2026-01-12T12:17:06.942453,lightgbm,us26,topology,yes,20,highestSlot,20.102,3.63,0.812,-0.044,0.331,success,
2026-01-12T12:17:06.942490,lightgbm,us26,topology,yes,20,avgHighestSlot,4.791,0.693,0.155,0.388,0.159,success,
2026-01-12T12:17:06.942501,lightgbm,us26,topology,yes,20,sumOfSlots,114.303,19.279,4.311,0.482,0.245,success,
2026-01-12T12:17:06.942510,lightgbm,us26,topology,yes,20,avgActiveTransceivers,5.938,0.87,0.195,-0.462,0.255,success,
2026-01-12T12:17:10.410306,lightgbm,us26,topology,no,20,highestSlot,20.829,3.577,0.8,-0.176,0.313,success,
2026-01-12T12:17:10.410344,lightgbm,us26,topology,no,20,avgHighestSlot,5.933,0.837,0.187,-0.082,0.302,success,
2026-01-12T12:17:10.410368,lightgbm,us26,topology,no,20,sumOfSlots,176.272,20.769,4.644,-0.091,0.222,success,
2026-01-12T12:17:10.410379,lightgbm,us26,topology,no,20,avgActiveTransceivers,5.685,0.813,0.182,-0.306,0.197,success,
2026-01-12T12:17:15.876552,lightgbm,us26,distribution,yes,20,highestSlot,18.503,2.504,0.56,0.078,0.219,success,
2026-01-12T12:17:15.876584,lightgbm,us26,distribution,yes,20,avgHighestSlot,4.682,0.851,0.19,0.424,0.144,success,
2026-01-12T12:17:15.876595,lightgbm,us26,distribution,yes,20,sumOfSlots,84.233,13.804,3.087,0.734,0.082,success,
2026-01-12T12:17:15.876605,lightgbm,us26,distribution,yes,20,avgActiveTransceivers,3.749,0.51,0.114,0.491,0.205,success,
2026-01-12T12:17:19.403485,lightgbm,us26,distribution,no,20,highestSlot,23.277,3.146,0.704,-0.493,0.295,success,
2026-01-12T12:17:19.403518,lightgbm,us26,distribution,no,20,avgHighestSlot,6.421,1.094,0.245,-0.283,0.216,success,
2026-01-12T12:17:19.403528,lightgbm,us26,distribution,no,20,sumOfSlots,170.661,23.565,5.269,-0.117,0.248,success,
2026-01-12T12:17:19.403539,lightgbm,us26,distribution,no,20,avgActiveTransceivers,3.637,0.488,0.109,0.522,0.215,success,
2026-01-12T12:17:24.915212,lightgbm,us26,traffic,yes,20,highestSlot,19.771,2.737,0.612,-0.026,0.285,success,
2026-01-12T12:17:24.915247,lightgbm,us26,traffic,yes,20,avgHighestSlot,4.268,0.722,0.162,0.496,0.153,success,
2026-01-12T12:17:24.915258,lightgbm,us26,traffic,yes,20,sumOfSlots,102.32,15.362,3.435,0.61,0.152,success,
2026-01-12T12:17:24.915267,lightgbm,us26,traffic,yes,20,avgActiveTransceivers,5.254,0.704,0.157,-0.014,0.174,success,
2026-01-12T12:17:28.370958,lightgbm,us26,traffic,no,20,highestSlot,20.405,3.191,0.713,-0.198,0.355,success,
2026-01-12T12:17:28.371003,lightgbm,us26,traffic,no,20,avgHighestSlot,6.119,0.874,0.195,-0.117,0.184,success,
2026-01-12T12:17:28.371016,lightgbm,us26,traffic,no,20,sumOfSlots,180.764,22.76,5.089,-0.196,0.221,success,
2026-01-12T12:17:28.371028,lightgbm,us26,traffic,no,20,avgActiveTransceivers,4.687,0.781,0.175,0.188,0.243,success,
2026-01-12T12:17:34.472617,lightgbm,us26,all,yes,20,highestSlot,19.212,2.993,0.669,-0.005,0.335,success,
2026-01-12T12:17:34.472655,lightgbm,us26,all,yes,20,avgHighestSlot,4.39,0.811,0.181,0.473,0.146,success,
2026-01-12T12:17:34.472665,lightgbm,us26,all,yes,20,sumOfSlots,84.212,11.467,2.564,0.726,0.075,success,
2026-01-12T12:17:34.472675,lightgbm,us26,all,yes,20,avgActiveTransceivers,3.216,0.49,0.109,0.597,0.185,success,
2026-01-12T12:17:38.589634,lightgbm,us26,all,no,20,highestSlot,21.127,3.067,0.686,-0.351,0.425,success,
2026-01-12T12:17:38.589669,lightgbm,us26,all,no,20,avgHighestSlot,6.086,0.932,0.208,-0.103,0.212,success,
2026-01-12T12:17:38.589679,lightgbm,us26,all,no,20,sumOfSlots,169.613,20.957,4.686,-0.103,0.167,success,
2026-01-12T12:17:38.589689,lightgbm,us26,all,no,20,avgActiveTransceivers,3.242,0.615,0.138,0.603,0.159,success,
2026-01-12T12:17:47.182483,lightgbm,both,basic,yes,20,highestSlot,14.623,1.976,0.442,0.64,0.082,success,
2026-01-12T12:17:47.182517,lightgbm,both,basic,yes,20,avgHighestSlot,3.653,0.359,0.08,0.499,0.093,success,
2026-01-12T12:17:47.182529,lightgbm,both,basic,yes,20,sumOfSlots,85.187,11.108,2.484,0.889,0.027,success,
2026-01-12T12:17:47.182538,lightgbm,both,basic,yes,20,avgActiveTransceivers,3.569,0.344,0.077,0.498,0.15,success,
2026-01-12T12:17:51.805254,lightgbm,both,basic,no,20,highestSlot,31.906,3.482,0.779,-0.416,0.294,success,
2026-01-12T12:17:51.805294,lightgbm,both,basic,no,20,avgHighestSlot,5.661,0.714,0.16,-0.219,0.25,success,
2026-01-12T12:17:51.805304,lightgbm,both,basic,no,20,sumOfSlots,319.618,41.393,9.256,-0.351,0.293,success,
2026-01-12T12:17:51.805316,lightgbm,both,basic,no,20,avgActiveTransceivers,3.44,0.348,0.078,0.531,0.134,success,
2026-01-12T12:18:00.949148,lightgbm,both,topology,yes,20,highestSlot,14.697,1.985,0.444,0.654,0.08,success,
2026-01-12T12:18:00.949185,lightgbm,both,topology,yes,20,avgHighestSlot,4.153,0.313,0.07,0.363,0.121,success,
2026-01-12T12:18:00.949196,lightgbm,both,topology,yes,20,sumOfSlots,118.681,18.473,4.131,0.782,0.054,success,
2026-01-12T12:18:00.949205,lightgbm,both,topology,yes,20,avgActiveTransceivers,5.941,0.597,0.133,-0.405,0.332,success,
2026-01-12T12:18:05.859285,lightgbm,both,topology,no,20,highestSlot,18.066,2.293,0.513,0.481,0.12,success,
2026-01-12T12:18:05.859385,lightgbm,both,topology,no,20,avgHighestSlot,5.542,0.477,0.107,-0.219,0.233,success,
2026-01-12T12:18:05.859414,lightgbm,both,topology,no,20,sumOfSlots,217.172,13.248,2.962,0.309,0.099,success,
2026-01-12T12:18:05.859433,lightgbm,both,topology,no,20,avgActiveTransceivers,5.694,0.581,0.13,-0.308,0.22,success,
2026-01-12T12:18:15.196112,lightgbm,both,distribution,yes,20,highestSlot,14.361,1.901,0.425,0.651,0.082,success,
2026-01-12T12:18:15.196150,lightgbm,both,distribution,yes,20,avgHighestSlot,3.608,0.333,0.074,0.525,0.083,success,
2026-01-12T12:18:15.196161,lightgbm,both,distribution,yes,20,sumOfSlots,81.727,11.145,2.492,0.897,0.025,success,
2026-01-12T12:18:15.196171,lightgbm,both,distribution,yes,20,avgActiveTransceivers,3.28,0.313,0.07,0.563,0.111,success,
2026-01-12T12:18:20.314371,lightgbm,both,distribution,no,20,highestSlot,32.944,3.14,0.702,-0.611,0.259,success,
2026-01-12T12:18:20.314410,lightgbm,both,distribution,no,20,avgHighestSlot,5.618,0.797,0.178,-0.177,0.205,success,
2026-01-12T12:18:20.314421,lightgbm,both,distribution,no,20,sumOfSlots,320.802,34.535,7.722,-0.331,0.219,success,
2026-01-12T12:18:20.314430,lightgbm,both,distribution,no,20,avgActiveTransceivers,3.285,0.271,0.06,0.574,0.111,success,
2026-01-12T12:18:30.256167,lightgbm,both,traffic,yes,20,highestSlot,14.593,2.035,0.455,0.654,0.079,success,
2026-01-12T12:18:30.256199,lightgbm,both,traffic,yes,20,avgHighestSlot,3.88,0.396,0.089,0.45,0.134,success,
2026-01-12T12:18:30.256210,lightgbm,both,traffic,yes,20,sumOfSlots,106.764,11.676,2.611,0.83,0.034,success,
2026-01-12T12:18:30.256219,lightgbm,both,traffic,yes,20,avgActiveTransceivers,4.287,0.403,0.09,0.254,0.143,success,
2026-01-12T12:18:35.343378,lightgbm,both,traffic,no,20,highestSlot,20.189,2.551,0.57,0.364,0.14,success,
2026-01-12T12:18:35.343414,lightgbm,both,traffic,no,20,avgHighestSlot,5.584,0.422,0.094,-0.161,0.198,success,
2026-01-12T12:18:35.343427,lightgbm,both,traffic,no,20,sumOfSlots,249.585,27.824,6.222,0.108,0.181,success,
2026-01-12T12:18:35.343437,lightgbm,both,traffic,no,20,avgActiveTransceivers,4.08,0.421,0.094,0.305,0.163,success,
2026-01-12T12:18:46.000222,lightgbm,both,all,yes,20,highestSlot,14.628,2.111,0.472,0.643,0.086,success,
2026-01-12T12:18:46.000256,lightgbm,both,all,yes,20,avgHighestSlot,3.542,0.408,0.091,0.542,0.099,success,
2026-01-12T12:18:46.000267,lightgbm,both,all,yes,20,sumOfSlots,78.317,10.266,2.296,0.903,0.025,success,
2026-01-12T12:18:46.000276,lightgbm,both,all,yes,20,avgActiveTransceivers,2.865,0.295,0.066,0.677,0.091,success,
2026-01-12T12:18:52.310788,lightgbm,both,all,no,20,highestSlot,18.26,2.165,0.484,0.439,0.117,success,
2026-01-12T12:18:52.310856,lightgbm,both,all,no,20,avgHighestSlot,5.257,0.564,0.126,-0.031,0.175,success,
2026-01-12T12:18:52.310895,lightgbm,both,all,no,20,sumOfSlots,205.895,24.213,5.414,0.388,0.113,success,
2026-01-12T12:18:52.310924,lightgbm,both,all,no,20,avgActiveTransceivers,2.8,0.257,0.057,0.694,0.083,success,
2026-01-12T12:19:05.381774,catboost,euro28,basic,yes,20,highestSlot,7.647,0.931,0.208,0.198,0.104,success,
2026-01-12T12:19:05.381816,catboost,euro28,basic,yes,20,avgHighestSlot,3.274,0.388,0.087,0.481,0.09,success,
2026-01-12T12:19:05.381829,catboost,euro28,basic,yes,20,sumOfSlots,104.77,20.038,4.481,0.656,0.096,success,
2026-01-12T12:19:05.381841,catboost,euro28,basic,yes,20,avgActiveTransceivers,3.234,0.73,0.163,0.526,0.13,success,
2026-01-12T12:19:11.862862,catboost,euro28,basic,no,20,highestSlot,9.799,1.353,0.303,-0.299,0.291,success,
2026-01-12T12:19:11.862895,catboost,euro28,basic,no,20,avgHighestSlot,4.634,0.489,0.109,-0.08,0.208,success,
2026-01-12T12:19:11.862905,catboost,euro28,basic,no,20,sumOfSlots,173.372,22.507,5.033,0.057,0.233,success,
2026-01-12T12:19:11.862915,catboost,euro28,basic,no,20,avgActiveTransceivers,2.97,0.451,0.101,0.611,0.138,success,
2026-01-12T12:19:24.463910,catboost,euro28,topology,yes,20,highestSlot,8.168,0.776,0.174,0.068,0.135,success,
2026-01-12T12:19:24.463944,catboost,euro28,topology,yes,20,avgHighestSlot,3.78,0.511,0.114,0.339,0.116,success,
2026-01-12T12:19:24.463954,catboost,euro28,topology,yes,20,sumOfSlots,137.252,25.639,5.733,0.432,0.161,success,
2026-01-12T12:19:24.463965,catboost,euro28,topology,yes,20,avgActiveTransceivers,4.941,0.811,0.181,-0.095,0.218,success,
2026-01-12T12:19:30.649245,catboost,euro28,topology,no,20,highestSlot,9.175,0.883,0.197,-0.136,0.247,success,
2026-01-12T12:19:30.649282,catboost,euro28,topology,no,20,avgHighestSlot,4.855,0.676,0.151,-0.087,0.225,success,
2026-01-12T12:19:30.649293,catboost,euro28,topology,no,20,sumOfSlots,189.762,29.029,6.491,-0.158,0.196,success,
2026-01-12T12:19:30.649302,catboost,euro28,topology,no,20,avgActiveTransceivers,5.236,0.83,0.186,-0.304,0.47,success,
2026-01-12T12:19:46.369239,catboost,euro28,distribution,yes,20,highestSlot,8.003,0.825,0.185,0.168,0.107,success,
2026-01-12T12:19:46.369293,catboost,euro28,distribution,yes,20,avgHighestSlot,3.275,0.403,0.09,0.478,0.078,success,
2026-01-12T12:19:46.369317,catboost,euro28,distribution,yes,20,sumOfSlots,106.848,17.724,3.963,0.657,0.081,success,
2026-01-12T12:19:46.369339,catboost,euro28,distribution,yes,20,avgActiveTransceivers,3.203,0.753,0.168,0.532,0.155,success,
2026-01-12T12:19:54.247545,catboost,euro28,distribution,no,20,highestSlot,9.455,1.005,0.225,-0.15,0.233,success,
2026-01-12T12:19:54.247599,catboost,euro28,distribution,no,20,avgHighestSlot,4.408,0.509,0.114,0.034,0.194,success,
2026-01-12T12:19:54.247623,catboost,euro28,distribution,no,20,sumOfSlots,168.702,19.504,4.361,0.147,0.199,success,
2026-01-12T12:19:54.247645,catboost,euro28,distribution,no,20,avgActiveTransceivers,2.947,0.555,0.124,0.598,0.116,success,
2026-01-12T12:20:09.920724,catboost,euro28,traffic,yes,20,highestSlot,8.021,0.843,0.189,0.14,0.107,success,
2026-01-12T12:20:09.920757,catboost,euro28,traffic,yes,20,avgHighestSlot,3.507,0.444,0.099,0.406,0.106,success,
2026-01-12T12:20:09.920767,catboost,euro28,traffic,yes,20,sumOfSlots,122.042,22.096,4.941,0.526,0.132,success,
2026-01-12T12:20:09.920777,catboost,euro28,traffic,yes,20,avgActiveTransceivers,4.007,0.753,0.168,0.269,0.187,success,
2026-01-12T12:20:18.392790,catboost,euro28,traffic,no,20,highestSlot,8.811,1.007,0.225,-0.008,0.161,success,
2026-01-12T12:20:18.392860,catboost,euro28,traffic,no,20,avgHighestSlot,4.68,0.531,0.119,-0.022,0.163,success,
2026-01-12T12:20:18.392890,catboost,euro28,traffic,no,20,sumOfSlots,177.211,24.326,5.439,0.075,0.152,success,
2026-01-12T12:20:18.392918,catboost,euro28,traffic,no,20,avgActiveTransceivers,3.694,0.633,0.142,0.348,0.263,success,
2026-01-12T12:20:45.231381,catboost,euro28,all,yes,20,highestSlot,7.895,0.947,0.212,0.186,0.106,success,
2026-01-12T12:20:45.231417,catboost,euro28,all,yes,20,avgHighestSlot,3.245,0.406,0.091,0.478,0.078,success,
2026-01-12T12:20:45.231428,catboost,euro28,all,yes,20,sumOfSlots,104.912,18.37,4.108,0.662,0.081,success,
2026-01-12T12:20:45.231438,catboost,euro28,all,yes,20,avgActiveTransceivers,2.996,0.65,0.145,0.585,0.13,success,
2026-01-12T12:21:00.024909,catboost,euro28,all,no,20,highestSlot,8.941,1.148,0.257,-0.077,0.215,success,
2026-01-12T12:21:00.024999,catboost,euro28,all,no,20,avgHighestSlot,4.427,0.566,0.127,0.055,0.166,success,
2026-01-12T12:21:00.025048,catboost,euro28,all,no,20,sumOfSlots,168.725,25.711,5.749,0.157,0.171,success,
2026-01-12T12:21:00.025071,catboost,euro28,all,no,20,avgActiveTransceivers,2.875,0.541,0.121,0.633,0.112,success,
2026-01-12T12:21:13.656956,catboost,us26,basic,yes,20,highestSlot,18.273,1.971,0.441,0.145,0.162,success,
2026-01-12T12:21:13.657031,catboost,us26,basic,yes,20,avgHighestSlot,4.232,0.708,0.158,0.524,0.091,success,
2026-01-12T12:21:13.657061,catboost,us26,basic,yes,20,sumOfSlots,79.681,13.389,2.994,0.759,0.051,success,
2026-01-12T12:21:13.657088,catboost,us26,basic,yes,20,avgActiveTransceivers,3.83,0.584,0.131,0.453,0.107,success,
2026-01-12T12:21:19.974771,catboost,us26,basic,no,20,highestSlot,20.731,3.165,0.708,-0.219,0.305,success,
2026-01-12T12:21:19.974807,catboost,us26,basic,no,20,avgHighestSlot,6.286,1.074,0.24,-0.141,0.222,success,
2026-01-12T12:21:19.974818,catboost,us26,basic,no,20,sumOfSlots,164.242,26.529,5.932,0.009,0.181,success,
2026-01-12T12:21:19.974829,catboost,us26,basic,no,20,avgActiveTransceivers,3.199,0.457,0.102,0.621,0.124,success,
2026-01-12T12:21:32.581036,catboost,us26,topology,yes,20,highestSlot,18.032,2.226,0.498,0.191,0.166,success,
2026-01-12T12:21:32.581068,catboost,us26,topology,yes,20,avgHighestSlot,4.447,0.61,0.136,0.474,0.103,success,
2026-01-12T12:21:32.581078,catboost,us26,topology,yes,20,sumOfSlots,102.622,13.689,3.061,0.587,0.14,success,
2026-01-12T12:21:32.581089,catboost,us26,topology,yes,20,avgActiveTransceivers,5.207,0.725,0.162,-0.114,0.086,success,
2026-01-12T12:21:38.457703,catboost,us26,topology,no,20,highestSlot,20.895,3.168,0.708,-0.16,0.238,success,
2026-01-12T12:21:38.457739,catboost,us26,topology,no,20,avgHighestSlot,5.995,0.86,0.192,-0.118,0.258,success,
2026-01-12T12:21:38.457750,catboost,us26,topology,no,20,sumOfSlots,171.794,16.072,3.594,-0.093,0.229,success,
2026-01-12T12:21:38.457760,catboost,us26,topology,no,20,avgActiveTransceivers,5.754,0.666,0.149,-0.297,0.243,success,
2026-01-12T12:21:54.677400,catboost,us26,distribution,yes,20,highestSlot,17.769,1.796,0.402,0.184,0.15,success,
2026-01-12T12:21:54.677433,catboost,us26,distribution,yes,20,avgHighestSlot,4.156,0.759,0.17,0.544,0.093,success,
2026-01-12T12:21:54.677444,catboost,us26,distribution,yes,20,sumOfSlots,77.095,13.974,3.125,0.767,0.057,success,
2026-01-12T12:21:54.677454,catboost,us26,distribution,yes,20,avgActiveTransceivers,3.662,0.534,0.119,0.486,0.114,success,
2026-01-12T12:22:02.691522,catboost,us26,distribution,no,20,highestSlot,21.945,3.283,0.734,-0.355,0.309,success,
2026-01-12T12:22:02.691558,catboost,us26,distribution,no,20,avgHighestSlot,6.154,1.097,0.245,-0.138,0.19,success,
2026-01-12T12:22:02.691570,catboost,us26,distribution,no,20,sumOfSlots,164.032,27.455,6.139,0.035,0.178,success,
2026-01-12T12:22:02.691579,catboost,us26,distribution,no,20,avgActiveTransceivers,3.201,0.492,0.11,0.609,0.158,success,
2026-01-12T12:22:18.139956,catboost,us26,traffic,yes,20,highestSlot,17.717,1.883,0.421,0.2,0.141,success,
2026-01-12T12:22:18.139992,catboost,us26,traffic,yes,20,avgHighestSlot,4.127,0.692,0.155,0.546,0.076,success,
2026-01-12T12:22:18.140002,catboost,us26,traffic,yes,20,sumOfSlots,94.525,14.346,3.208,0.667,0.08,success,
2026-01-12T12:22:18.140012,catboost,us26,traffic,yes,20,avgActiveTransceivers,4.76,0.765,0.171,0.111,0.124,success,
2026-01-12T12:22:26.320753,catboost,us26,traffic,no,20,highestSlot,19.948,3.197,0.715,-0.146,0.359,success,
2026-01-12T12:22:26.320788,catboost,us26,traffic,no,20,avgHighestSlot,5.975,0.864,0.193,-0.06,0.13,success,
2026-01-12T12:22:26.320799,catboost,us26,traffic,no,20,sumOfSlots,174.503,23.113,5.168,-0.076,0.169,success,
2026-01-12T12:22:26.320808,catboost,us26,traffic,no,20,avgActiveTransceivers,4.278,0.581,0.13,0.288,0.185,success,
2026-01-12T12:22:53.555901,catboost,us26,all,yes,20,highestSlot,17.159,2.043,0.457,0.226,0.129,success,
2026-01-12T12:22:53.555935,catboost,us26,all,yes,20,avgHighestSlot,3.993,0.71,0.159,0.576,0.073,success,
2026-01-12T12:22:53.555946,catboost,us26,all,yes,20,sumOfSlots,78.807,14.583,3.261,0.762,0.045,success,
2026-01-12T12:22:53.555955,catboost,us26,all,yes,20,avgActiveTransceivers,3.503,0.582,0.13,0.521,0.101,success,
2026-01-12T12:23:08.374804,catboost,us26,all,no,20,highestSlot,20.343,2.907,0.65,-0.2,0.276,success,
2026-01-12T12:23:08.374837,catboost,us26,all,no,20,avgHighestSlot,5.846,0.956,0.214,-0.03,0.153,success,
2026-01-12T12:23:08.374847,catboost,us26,all,no,20,sumOfSlots,159.391,21.57,4.823,0.063,0.126,success,
2026-01-12T12:23:08.374857,catboost,us26,all,no,20,avgActiveTransceivers,3.087,0.496,0.111,0.631,0.112,success,
2026-01-12T12:23:38.308760,catboost,both,basic,yes,20,highestSlot,12.977,2.17,0.485,0.722,0.068,success,
2026-01-12T12:23:38.308814,catboost,both,basic,yes,20,avgHighestSlot,3.353,0.413,0.092,0.588,0.087,success,
2026-01-12T12:23:38.308837,catboost,both,basic,yes,20,sumOfSlots,77.922,10.555,2.36,0.903,0.024,success,
2026-01-12T12:23:38.308859,catboost,both,basic,yes,20,avgActiveTransceivers,3.292,0.395,0.088,0.572,0.083,success,
2026-01-12T12:23:48.258788,catboost,both,basic,no,20,highestSlot,29.498,2.632,0.589,-0.181,0.173,success,
2026-01-12T12:23:48.258822,catboost,both,basic,no,20,avgHighestSlot,5.151,0.549,0.123,-0.02,0.128,success,
2026-01-12T12:23:48.258832,catboost,both,basic,no,20,sumOfSlots,307.526,34.921,7.809,-0.229,0.275,success,
2026-01-12T12:23:48.258842,catboost,both,basic,no,20,avgActiveTransceivers,2.964,0.246,0.055,0.634,0.102,success,
2026-01-12T12:24:13.517383,catboost,both,topology,yes,20,highestSlot,13.17,2.347,0.525,0.722,0.07,success,
2026-01-12T12:24:13.517422,catboost,both,topology,yes,20,avgHighestSlot,3.795,0.325,0.073,0.464,0.103,success,
2026-01-12T12:24:13.517433,catboost,both,topology,yes,20,sumOfSlots,110.727,14.306,3.199,0.816,0.04,success,
2026-01-12T12:24:13.517444,catboost,both,topology,yes,20,avgActiveTransceivers,5.206,0.581,0.13,-0.118,0.139,success,
2026-01-12T12:24:22.084952,catboost,both,topology,no,20,highestSlot,16.181,2.283,0.51,0.574,0.101,success,
2026-01-12T12:24:22.084987,catboost,both,topology,no,20,avgHighestSlot,5.244,0.498,0.111,-0.135,0.198,success,
2026-01-12T12:24:22.084998,catboost,both,topology,no,20,sumOfSlots,208.689,13.296,2.973,0.367,0.094,success,
2026-01-12T12:24:22.085008,catboost,both,topology,no,20,avgActiveTransceivers,5.539,0.513,0.115,-0.211,0.219,success,
2026-01-12T12:24:58.161555,catboost,both,distribution,yes,20,highestSlot,13.42,2.128,0.476,0.713,0.065,success,
2026-01-12T12:24:58.161591,catboost,both,distribution,yes,20,avgHighestSlot,3.294,0.382,0.085,0.591,0.078,success,
2026-01-12T12:24:58.161601,catboost,both,distribution,yes,20,sumOfSlots,77.852,10.508,2.35,0.903,0.024,success,
2026-01-12T12:24:58.161611,catboost,both,distribution,yes,20,avgActiveTransceivers,3.195,0.35,0.078,0.59,0.075,success,
2026-01-12T12:25:10.465292,catboost,both,distribution,no,20,highestSlot,31.472,2.798,0.626,-0.382,0.16,success,
2026-01-12T12:25:10.465325,catboost,both,distribution,no,20,avgHighestSlot,5.106,0.716,0.16,-0.002,0.135,success,
2026-01-12T12:25:10.465336,catboost,both,distribution,no,20,sumOfSlots,305.87,26.647,5.958,-0.197,0.19,success,
2026-01-12T12:25:10.465345,catboost,both,distribution,no,20,avgActiveTransceivers,2.99,0.262,0.059,0.637,0.075,success,
2026-01-12T12:25:46.591484,catboost,both,traffic,yes,20,highestSlot,13.307,2.009,0.449,0.723,0.063,success,
2026-01-12T12:25:46.591520,catboost,both,traffic,yes,20,avgHighestSlot,3.493,0.371,0.083,0.553,0.089,success,
2026-01-12T12:25:46.591531,catboost,both,traffic,yes,20,sumOfSlots,94.878,11.507,2.573,0.862,0.027,success,
2026-01-12T12:25:46.591541,catboost,both,traffic,yes,20,avgActiveTransceivers,4.232,0.469,0.105,0.261,0.091,success,
2026-01-12T12:25:58.773537,catboost,both,traffic,no,20,highestSlot,19.954,2.878,0.644,0.394,0.109,success,
2026-01-12T12:25:58.773573,catboost,both,traffic,no,20,avgHighestSlot,4.884,0.542,0.121,0.062,0.096,success,
2026-01-12T12:25:58.773584,catboost,both,traffic,no,20,sumOfSlots,232.232,22.501,5.031,0.244,0.126,success,
2026-01-12T12:25:58.773594,catboost,both,traffic,no,20,avgActiveTransceivers,3.744,0.507,0.113,0.437,0.096,success,
2026-01-12T12:26:58.615423,catboost,both,all,yes,20,highestSlot,13.439,2.098,0.469,0.715,0.063,success,
2026-01-12T12:26:58.615458,catboost,both,all,yes,20,avgHighestSlot,3.233,0.403,0.09,0.607,0.081,success,
2026-01-12T12:26:58.615469,catboost,both,all,yes,20,sumOfSlots,78.554,11.083,2.478,0.903,0.024,success,
2026-01-12T12:26:58.615478,catboost,both,all,yes,20,avgActiveTransceivers,2.989,0.338,0.076,0.632,0.069,success,
2026-01-12T12:27:33.285455,catboost,both,all,no,20,highestSlot,16.981,2.224,0.497,0.514,0.093,success,
2026-01-12T12:27:33.285507,catboost,both,all,no,20,avgHighestSlot,4.954,0.6,0.134,0.055,0.135,success,
2026-01-12T12:27:33.285531,catboost,both,all,no,20,sumOfSlots,188.838,19.745,4.415,0.498,0.099,success,
2026-01-12T12:27:33.285553,catboost,both,all,no,20,avgActiveTransceivers,2.904,0.328,0.073,0.642,0.054,success,
